case_id,language,ecosystem,n_findings,scanner_fp_rate,regime_R1_pct,regime_R2_pct,regime_R3_pct,regime_R4_pct,regime_R5_pct,mrftp_cape,mrftp_cvss_only,mrftp_epss_only,mrftp_epss_percentile,mrftp_kev_only,ndcg_5_cape,ndcg_10_cape,ndcg_all_cape,ndcg_5_cvss,ndcg_10_cvss,ndcg_all_cvss,ndcg_5_epss,ndcg_10_epss,ndcg_all_epss,ndcg_5_epss_pct,ndcg_10_epss_pct,ndcg_all_epss_pct,ndcg_5_kev,ndcg_10_kev,ndcg_all_kev,auroc_cape,auroc_cvss,auroc_epss,auroc_epss_pct,auroc_kev,tau_cape_vs_cvss,tau_cape_vs_epss,tau_cape_vs_epss_pct,tau_cape_vs_kev
case_001,python,unknown,10,0.3,0.0,80.0,0.0,10.0,10.0,2,10,4,4,10,0.641929,0.641929,0.641929,0.0,0.339989,0.339989,0.339009,0.45146,0.45146,0.339009,0.45146,0.45146,0.0,0.339989,0.339989,0.8125,0.1875,0.5,0.5,0.1875,0.230022,0.066667,0.066667,0.230022
case_002,python,unknown,35,0.0,0.0,48.5714,0.0,20.0,31.4286,1,11,1,1,11,0.916532,0.945835,0.978296,0.299663,0.194461,0.684372,0.543042,0.557186,0.836245,0.543042,0.557186,0.836245,0.299663,0.194461,0.684372,0.944444,0.48366,0.771242,0.771242,0.48366,0.084435,0.11745,0.127163,0.084435
case_003,typescript,unknown,161,0.086957,0.0,60.8696,16.7702,9.9379,12.4224,1,1,3,3,1,1.0,0.745629,0.910277,0.33916,0.292644,0.662436,0.188324,0.223082,0.64084,0.188324,0.223082,0.64084,0.33916,0.292644,0.662436,0.908059,0.522117,0.5,0.5,0.522117,0.313087,,,0.313087
case_004,typescript,unknown,345,0.756522,0.0,63.1884,26.9565,7.8261,2.029,7,66,23,23,66,0.452375,0.623328,0.797432,0.097598,0.088768,0.502446,0.065066,0.063959,0.521157,0.065066,0.063959,0.521179,0.097598,0.088768,0.502446,0.965412,0.566077,0.607256,0.607368,0.566077,0.395337,0.198526,0.198931,0.395337
case_005,python,unknown,418,0.038278,0.0,56.2201,14.1148,15.0718,14.5933,1,9,2,2,9,1.0,0.858845,0.942113,0.172565,0.189437,0.68404,0.253597,0.285728,0.691229,0.253597,0.285728,0.691288,0.172565,0.189437,0.68404,0.890059,0.430505,0.500151,0.500329,0.430505,0.239009,-0.020929,-0.02046,0.239009
case_006,typescript,unknown,719,0.392211,0.0,51.0431,23.6439,10.153,15.1599,1,4,29,29,4,1.0,0.926636,0.947396,0.202299,0.234309,0.712422,0.063836,0.050514,0.695003,0.063836,0.050514,0.695159,0.202299,0.234309,0.712422,0.937471,0.519913,0.591046,0.591158,0.519913,0.171314,-0.000333,-7.8e-05,0.171314
case_007,python,unknown,59,0.135593,0.0,22.0339,3.3898,42.3729,32.2034,1,2,3,3,2,1.0,0.96214,0.988365,0.550849,0.461035,0.794413,0.487987,0.406047,0.794716,0.487987,0.406047,0.795175,0.550849,0.461035,0.794413,0.960256,0.441026,0.548718,0.55,0.441026,0.163431,0.084503,0.087816,0.163431
case_008,python,unknown,227,0.660793,0.0,60.793,36.5639,0.4405,2.2026,1,26,8,8,26,0.33916,0.413717,0.736086,0.030569,0.040093,0.405453,0.018744,0.113093,0.426135,0.018744,0.113093,0.42623,0.030569,0.040093,0.405453,0.950226,0.319005,0.563725,0.564103,0.319005,0.309142,-0.021701,-0.021766,0.309142
case_009,python,unknown,356,0.533708,0.0,37.0787,26.6854,9.2697,26.9663,1,7,1,1,7,1.0,0.818993,0.936477,0.069318,0.118347,0.687289,0.33916,0.240037,0.714528,0.33916,0.240037,0.714581,0.069318,0.118347,0.687289,0.968319,0.453718,0.471785,0.472037,0.453718,0.037905,0.024741,0.024963,0.037905
case_010,python,unknown,23,0.26087,0.0,26.087,69.5652,0.0,4.3478,3,22,14,14,22,0.621516,0.678775,0.724281,0.273618,0.319805,0.543166,0.329494,0.341981,0.586948,0.329494,0.341981,0.586948,0.273618,0.319805,0.543166,0.909091,0.045455,0.409091,0.409091,0.045455,0.266898,0.462155,0.462155,0.266898
case_011,python,unknown,33,0.0,0.0,33.3333,0.0,57.5758,9.0909,1,8,5,5,8,0.739554,0.848,0.925007,0.325898,0.487697,0.724637,0.489375,0.527021,0.76357,0.489375,0.527021,0.76357,0.325898,0.487697,0.724637,0.96281,0.427686,0.518595,0.516529,0.427686,0.377672,0.15414,0.152092,0.377672
case_012,typescript,unknown,518,0.405405,0.0,50.5792,28.1853,11.0039,10.2317,1,6,12,12,6,1.0,1.0,0.953711,0.056231,0.142154,0.65693,0.093544,0.149624,0.692135,0.093544,0.149624,0.692239,0.056231,0.142154,0.65693,0.94395,0.538367,0.620778,0.620646,0.538367,0.137135,0.007437,0.007619,0.137135
case_013,typescript,unknown,94,0.521277,0.0,60.6383,32.9787,1.0638,5.3191,1,6,1,1,6,0.553146,0.694365,0.829872,0.0,0.108663,0.428182,0.33916,0.305054,0.636711,0.33916,0.305054,0.636711,0.0,0.108663,0.428182,0.945076,0.635417,0.673295,0.674242,0.635417,0.036757,-0.112653,-0.112313,0.036757
case_014,python,unknown,16,0.6875,0.0,18.75,0.0,12.5,68.75,1,1,1,1,1,0.744655,0.898388,0.943798,0.455808,0.552534,0.769665,0.505008,0.626644,0.824677,0.505008,0.626644,0.824677,0.455808,0.552534,0.769665,1.0,0.609091,0.418182,0.418182,0.609091,0.247436,-0.120024,-0.120024,0.247436
case_015,python,unknown,28,0.0,0.0,85.7143,0.0,3.5714,10.7143,1,2,1,1,2,0.890348,0.890348,0.938961,0.344082,0.344082,0.558191,0.704352,0.919883,0.919883,0.704352,0.919883,0.919883,0.344082,0.344082,0.558191,0.895833,0.671875,0.5,0.5,0.671875,0.531975,,,0.531975
case_016,python,unknown,114,0.114035,0.0,42.9825,22.807,16.6667,17.5439,3,6,8,8,6,0.16958,0.352938,0.766846,0.069318,0.173376,0.621095,0.063836,0.131521,0.635027,0.063836,0.131521,0.635067,0.069318,0.173376,0.621095,0.774929,0.39067,0.463141,0.463319,0.39067,0.287915,0.152847,0.153213,0.287915
case_017,typescript,unknown,165,0.587879,0.0,87.2727,1.2121,6.6667,4.8485,2,9,7,7,9,0.483519,0.421738,0.654952,0.028022,0.066177,0.40449,0.0,0.092645,0.424509,0.0,0.092645,0.424467,0.028022,0.066177,0.40449,0.888363,0.579707,0.611873,0.611873,0.579707,0.367433,0.254592,0.254904,0.367433
case_018,python,unknown,77,0.103896,0.0,59.7403,5.1948,11.6883,23.3766,1,6,15,15,6,0.553146,0.521906,0.80044,0.0,0.078398,0.572959,0.0,0.0,0.570129,0.0,0.0,0.570048,0.0,0.078398,0.572959,0.739259,0.408519,0.490741,0.49037,0.408519,0.48216,0.30052,0.300503,0.48216
case_019,python,unknown,155,0.167742,0.0,73.5484,10.3226,3.2258,12.9032,1,1,1,1,1,1.0,0.791727,0.921472,0.33916,0.220092,0.599604,0.558053,0.362138,0.674392,0.558053,0.362138,0.674502,0.33916,0.220092,0.599604,0.909846,0.474462,0.554769,0.555385,0.474462,0.311418,0.099271,0.098977,0.311418
case_020,python,unknown,260,0.376923,0.0,71.5385,15.0,10.3846,3.0769,19,77,123,123,77,0.0,0.0,0.533584,0.030569,0.022387,0.438367,0.056231,0.04118,0.451164,0.056231,0.04118,0.451197,0.030569,0.022387,0.438367,0.821868,0.404421,0.41607,0.416896,0.404421,0.262192,-0.008359,-0.007598,0.262192
case_021,python,unknown,173,0.346821,0.0,39.8844,31.7919,15.6069,12.7168,3,4,2,2,4,0.446854,0.531327,0.82005,0.325725,0.414733,0.678041,0.40231,0.333546,0.696021,0.40231,0.333546,0.696221,0.325725,0.414733,0.678041,0.914926,0.521311,0.580366,0.580794,0.521311,0.213202,0.135074,0.135384,0.213202
case_022,typescript,unknown,186,0.741935,0.0,79.0323,19.8925,0.5376,0.5376,6,150,107,107,150,0.0,0.28039,0.366738,0.0,0.0,0.154174,0.0,0.0,0.171758,0.0,0.0,0.171758,0.0,0.0,0.154174,0.953804,0.134511,0.532609,0.532609,0.134511,0.211062,-0.082168,-0.081696,0.211062
case_023,typescript,unknown,696,0.761494,0.0,61.9253,33.1897,4.8851,0.0,697,697,697,697,697,1.0,0.793102,0.876368,0.0,0.121734,0.600904,0.0,0.0,0.558083,0.0,0.0,0.558175,0.0,0.121734,0.600904,0.997826,0.720652,0.656401,0.65628,0.720652,0.353152,0.027449,0.027722,0.353152
case_024,typescript,unknown,193,0.404145,0.0,34.1969,55.9585,4.6632,5.1813,23,10,30,30,10,0.0,0.024455,0.673197,0.113053,0.206668,0.657057,0.289598,0.304952,0.706708,0.289598,0.304952,0.706763,0.113053,0.206668,0.657057,0.88582,0.485727,0.475829,0.475599,0.485727,0.242485,-0.009723,-0.009118,0.242485
case_025,python,unknown,38,0.605263,0.0,65.7895,2.6316,15.7895,15.7895,4,2,1,1,2,0.288082,0.606381,0.634313,0.125331,0.249376,0.527676,0.714402,0.659149,0.799283,0.714402,0.659149,0.799283,0.125331,0.249376,0.527676,0.935484,0.557604,0.829493,0.829493,0.557604,0.199047,0.005823,0.007269,0.199047
case_026,javascript,unknown,8,0.0,0.0,75.0,0.0,12.5,12.5,1,7,2,2,7,1.0,1.0,1.0,0.168676,0.431061,0.431061,0.833991,0.833991,0.833991,0.833991,0.833991,0.833991,0.168676,0.431061,0.431061,1.0,0.291667,1.0,1.0,0.291667,0.082061,0.707107,0.65433,0.082061
case_027,typescript,unknown,268,0.559701,0.0,61.194,24.6269,7.8358,6.3433,1,9,14,14,9,1.0,0.785481,0.872581,0.0,0.129875,0.499885,0.030569,0.060744,0.562246,0.030569,0.060744,0.562038,0.0,0.129875,0.499885,0.88885,0.419972,0.606295,0.605534,0.419972,0.207057,-0.024105,-0.024002,0.207057
case_028,typescript,unknown,447,0.463087,0.0,58.3893,25.9508,10.5145,5.1454,9,18,18,18,18,0.0,0.066254,0.692353,0.018744,0.012163,0.564401,0.093544,0.107353,0.630423,0.093544,0.107353,0.630434,0.018744,0.012163,0.564401,0.865348,0.513112,0.697818,0.697147,0.513112,0.171854,0.043606,0.043784,0.171854
case_029,python,unknown,111,0.126126,0.0,23.4234,66.6667,6.3063,3.6036,1,4,18,18,4,0.774799,0.748323,0.891258,0.490933,0.480309,0.765722,0.229535,0.276196,0.725892,0.229535,0.276196,0.725904,0.490933,0.480309,0.765722,0.850728,0.697816,0.651699,0.651699,0.697816,0.536153,0.132391,0.133443,0.536153
case_030,python,unknown,205,0.068293,0.0,49.7561,18.5366,20.4878,11.2195,1,5,13,13,5,0.916532,0.843226,0.919142,0.210226,0.188529,0.648515,0.099888,0.17614,0.68506,0.099888,0.17614,0.684977,0.210226,0.188529,0.648515,0.894938,0.446657,0.602391,0.601927,0.446657,0.286889,0.158764,0.158395,0.286889
