,impact_radius,eigenvector,hub_score,authority_score,fan_in,fan_out,baseline_blend,blend_3a,blend_3b
impact_radius,1.000000,0.809672,0.788098,0.808915,0.802185,0.774156,0.997813,0.914022,0.918694
eigenvector,0.809672,1.000000,0.954408,0.984676,0.982681,0.916079,0.811619,0.891154,0.888819
hub_score,0.788098,0.954408,1.000000,0.955187,0.969922,0.943652,0.787207,0.870086,0.856597
authority_score,0.808915,0.984676,0.955187,1.000000,0.980351,0.912194,0.808976,0.886972,0.886832
fan_in,0.802185,0.982681,0.969922,0.980351,1.000000,0.927104,0.802604,0.883697,0.878858
fan_out,0.774156,0.916079,0.943652,0.912194,0.927104,1.000000,0.773763,0.846399,0.836098
baseline_blend,0.997813,0.811619,0.787207,0.808976,0.802604,0.773763,1.000000,0.916298,0.920814
blend_3a,0.914022,0.891154,0.870086,0.886972,0.883697,0.846399,0.916298,1.000000,0.985453
blend_3b,0.918694,0.888819,0.856597,0.886832,0.878858,0.836098,0.920814,0.985453,1.000000
