case_id,metric_variant,ndcg5,ndcg10,ndcg_all,auroc,tau_vs_baseline,top10_overlap,rank1_changed,n_findings,n_r5
case_001,impact_radius,0.507685,0.507685,0.507685,0.75,0.911111,10,True,10,1
case_001,eigenvector,0.665315,0.665315,0.665315,0.875,0.911111,10,False,10,1
case_001,hub_score,0.641929,0.641929,0.641929,0.8125,0.911111,10,True,10,1
case_001,authority_score,0.833991,0.833991,0.833991,1.0,0.777778,10,True,10,1
case_001,fan_in,0.641929,0.641929,0.641929,0.8125,0.955556,10,False,10,1
case_001,fan_out,0.641929,0.641929,0.641929,0.8125,0.911111,10,True,10,1
case_001,baseline_blend,0.538867,0.538867,0.538867,0.75,,10,False,10,1
case_001,blend_3a,0.641929,0.641929,0.641929,0.8125,0.911111,10,True,10,1
case_001,blend_3b,0.665315,0.665315,0.665315,0.875,0.911111,10,False,10,1
case_002,impact_radius,0.806194,0.674927,0.873347,0.823529,0.99565,10,False,35,11
case_002,eigenvector,0.683916,0.794883,0.887168,0.996732,0.505435,7,False,35,11
case_002,hub_score,1.0,1.0,0.99792,0.973856,0.485964,6,True,35,11
case_002,authority_score,0.903097,0.937117,0.976145,0.996732,0.53268,7,True,35,11
case_002,fan_in,0.722727,0.820068,0.907689,0.996732,0.544943,7,False,35,11
case_002,fan_out,0.0,0.351068,0.684435,0.633987,0.437679,8,True,35,11
case_002,baseline_blend,0.806194,0.674927,0.873347,0.823529,,10,False,35,11
case_002,blend_3a,0.916532,0.945835,0.978296,0.944444,0.718888,7,True,35,11
case_002,blend_3b,0.806194,0.874233,0.921386,0.957516,0.713736,7,False,35,11
case_003,impact_radius,0.50874,0.4819,0.770801,0.751737,0.992981,10,False,161,20
case_003,eigenvector,0.200864,0.403017,0.770945,0.901806,0.483615,4,True,161,20
case_003,hub_score,1.0,0.963645,0.969089,0.939092,0.487429,4,False,161,20
case_003,authority_score,1.0,1.0,0.97154,0.949745,0.500264,4,False,161,20
case_003,fan_in,0.515485,0.492825,0.821584,0.90667,0.492626,5,True,161,20
case_003,fan_out,0.66084,0.698311,0.867051,0.905049,0.444087,3,True,161,20
case_003,baseline_blend,0.485229,0.466642,0.763003,0.752432,,10,False,161,20
case_003,blend_3a,1.0,0.745629,0.910277,0.908059,0.771231,7,False,161,20
case_003,blend_3b,1.0,0.784617,0.917706,0.919176,0.760852,7,False,161,20
case_004,impact_radius,0.123156,0.351062,0.691977,0.942992,0.999001,10,False,345,7
case_004,eigenvector,0.674672,0.722043,0.82376,0.963835,0.959864,3,True,345,7
case_004,hub_score,0.57553,0.813164,0.865334,0.980059,0.954712,4,True,345,7
case_004,authority_score,0.674672,0.72323,0.825244,0.964849,0.958658,3,True,345,7
case_004,fan_in,0.674672,0.722043,0.823719,0.96192,0.960482,3,True,345,7
case_004,fan_out,0.674672,0.708888,0.842573,0.973073,0.951944,4,True,345,7
case_004,baseline_blend,0.123156,0.351062,0.691977,0.942992,,10,False,345,7
case_004,blend_3a,0.452375,0.623328,0.797432,0.965412,0.981863,7,True,345,7
case_004,blend_3b,0.46995,0.372711,0.736261,0.958878,0.982869,8,False,345,7
case_005,impact_radius,0.639945,0.660806,0.846794,0.801267,0.955053,10,False,418,61
case_005,eigenvector,0.048451,0.38251,0.873197,0.834184,0.549964,2,True,418,61
case_005,hub_score,0.925026,0.911672,0.96632,0.909754,0.535912,4,True,418,61
case_005,authority_score,0.262438,0.442974,0.887441,0.83956,0.545581,2,True,418,61
case_005,fan_in,0.048451,0.38251,0.87321,0.833608,0.553355,2,True,418,61
case_005,fan_out,1.0,1.0,0.974806,0.854455,0.537229,4,False,418,61
case_005,baseline_blend,0.83042,0.70817,0.877332,0.828176,,10,False,418,61
case_005,blend_3a,1.0,0.858845,0.942113,0.890059,0.854158,8,False,418,61
case_005,blend_3b,0.854646,0.731001,0.911205,0.864247,0.857625,9,False,418,61
case_006,impact_radius,0.786014,0.709375,0.884266,0.88877,0.997813,10,True,719,109
case_006,eigenvector,0.0,0.063621,0.857173,0.930041,0.811619,2,True,719,109
case_006,hub_score,1.0,1.0,0.974889,0.947419,0.787207,1,True,719,109
case_006,authority_score,0.0,0.063621,0.856934,0.929233,0.808976,2,True,719,109
case_006,fan_in,0.277273,0.531,0.901492,0.939979,0.802604,5,True,719,109
case_006,fan_out,0.315648,0.555903,0.904854,0.930626,0.773763,4,True,719,109
case_006,baseline_blend,0.66084,0.628146,0.870071,0.889205,,10,False,719,109
case_006,blend_3a,1.0,0.926636,0.947396,0.937471,0.916298,6,True,719,109
case_006,blend_3b,0.66084,0.42884,0.876921,0.927256,0.920814,5,False,719,109
case_007,impact_radius,1.0,0.925786,0.964903,0.933333,0.996965,10,False,59,19
case_007,eigenvector,0.916532,0.945835,0.982519,0.948718,0.767184,7,True,59,19
case_007,hub_score,0.916532,0.871621,0.971484,0.964103,0.661458,7,False,59,19
case_007,authority_score,0.925026,0.951347,0.984843,0.937179,0.770984,7,True,59,19
case_007,fan_in,0.916532,0.945835,0.982205,0.941026,0.771732,7,True,59,19
case_007,fan_out,1.0,1.0,0.9908,0.869231,0.632123,6,False,59,19
case_007,baseline_blend,1.0,0.925786,0.964903,0.933333,,10,False,59,19
case_007,blend_3a,1.0,0.96214,0.988365,0.960256,0.831881,9,False,59,19
case_007,blend_3b,1.0,0.921723,0.981444,0.947436,0.878788,9,False,59,19
case_008,impact_radius,0.131205,0.118011,0.531704,0.89819,0.998571,9,False,227,5
case_008,eigenvector,1.0,0.89944,0.932831,0.969834,0.968886,5,True,227,5
case_008,hub_score,1.0,0.89944,0.935429,0.975113,0.966541,6,True,227,5
case_008,authority_score,1.0,0.89944,0.932281,0.969834,0.967935,5,True,227,5
case_008,fan_in,1.0,0.89944,0.932814,0.969834,0.968886,5,True,227,5
case_008,fan_out,1.0,0.914964,0.934708,0.977376,0.947341,3,True,227,5
case_008,baseline_blend,0.131205,0.118011,0.534336,0.905732,,10,False,227,5
case_008,blend_3a,0.33916,0.413717,0.736086,0.950226,0.992212,9,True,227,5
case_008,blend_3b,0.33916,0.305054,0.713478,0.942685,0.99191,10,True,227,5
case_009,impact_radius,0.529635,0.486492,0.832476,0.878628,0.9671,10,False,356,96
case_009,eigenvector,0.802748,0.752984,0.937293,0.98926,0.866691,2,True,356,96
case_009,hub_score,1.0,1.0,0.964976,0.990553,0.863594,4,True,356,96
case_009,authority_score,0.802748,0.752984,0.937403,0.989511,0.86764,2,True,356,96
case_009,fan_in,0.802748,0.752984,0.937392,0.98944,0.86828,2,True,356,96
case_009,fan_out,0.802748,0.752984,0.937666,0.991523,0.850296,2,True,356,96
case_009,baseline_blend,0.529635,0.495459,0.848609,0.908872,,10,False,356,96
case_009,blend_3a,1.0,0.818993,0.936477,0.968319,0.917873,7,True,356,96
case_009,blend_3b,0.853932,0.768227,0.926304,0.964799,0.921901,7,True,356,96
case_010,impact_radius,0.286262,0.596947,0.648303,0.772727,0.989949,9,False,23,1
case_010,eigenvector,1.0,0.97008,0.994235,1.0,0.848,9,True,23,1
case_010,hub_score,1.0,0.907744,0.977762,1.0,0.696408,7,True,23,1
case_010,authority_score,1.0,0.972584,0.994065,1.0,0.736,9,True,23,1
case_010,fan_in,1.0,0.97008,0.994235,1.0,0.8,10,True,23,1
case_010,fan_out,1.0,0.907744,0.977762,1.0,0.696408,7,True,23,1
case_010,baseline_blend,0.286262,0.596947,0.648303,0.772727,,10,False,23,1
case_010,blend_3a,0.621516,0.678775,0.724281,0.909091,0.944,10,False,23,1
case_010,blend_3b,1.0,0.97008,0.99476,1.0,0.88,10,True,23,1
case_011,impact_radius,0.654559,0.781364,0.873043,0.975207,0.992263,9,False,33,3
case_011,eigenvector,0.50926,0.615258,0.818125,0.975207,0.931139,9,False,33,3
case_011,hub_score,1.0,0.957282,0.973783,0.719008,0.607122,6,True,33,3
case_011,authority_score,0.50926,0.615258,0.818125,0.975207,0.931139,9,False,33,3
case_011,fan_in,0.50926,0.615258,0.818125,0.975207,0.931139,9,False,33,3
case_011,fan_out,0.530984,0.591527,0.759109,0.578512,0.454288,5,True,33,3
case_011,baseline_blend,0.624407,0.705534,0.854832,0.975207,,10,False,33,3
case_011,blend_3a,0.739554,0.848,0.925007,0.96281,0.945266,9,True,33,3
case_011,blend_3b,0.50926,0.667449,0.823169,0.975207,0.952566,10,False,33,3
case_012,impact_radius,0.868795,0.624986,0.881793,0.895012,0.997749,10,False,518,53
case_012,eigenvector,0.709291,0.771675,0.917422,0.931438,0.79406,3,True,518,53
case_012,hub_score,1.0,1.0,0.968735,0.942215,0.785455,2,False,518,53
case_012,authority_score,0.903097,0.937117,0.954121,0.952388,0.798635,3,False,518,53
case_012,fan_in,0.903097,0.73781,0.920925,0.934114,0.808851,3,False,518,53
case_012,fan_out,0.024226,0.299591,0.834249,0.913237,0.790705,2,True,518,53
case_012,baseline_blend,0.868795,0.624986,0.881917,0.895446,,10,False,518,53
case_012,blend_3a,1.0,1.0,0.953711,0.94395,0.920072,4,False,518,53
case_012,blend_3b,0.903097,0.937117,0.939988,0.943757,0.920815,3,False,518,53
case_013,impact_radius,0.553146,0.589353,0.802552,0.929924,0.966819,9,False,94,5
case_013,eigenvector,0.0,0.0,0.464733,0.869318,0.885181,0,True,94,5
case_013,hub_score,0.684352,0.795544,0.861075,0.965909,0.909805,9,False,94,5
case_013,authority_score,0.786014,0.853427,0.883954,0.984848,0.934645,7,False,94,5
case_013,fan_in,0.0,0.0,0.464733,0.869318,0.885181,0,True,94,5
case_013,fan_out,0.684352,0.795544,0.861075,0.965909,0.909805,9,False,94,5
case_013,baseline_blend,0.553146,0.694365,0.819256,0.924242,,10,False,94,5
case_013,blend_3a,0.553146,0.694365,0.829872,0.945076,0.964058,10,False,94,5
case_013,blend_3b,0.553146,0.694365,0.841694,0.958333,0.9838,9,False,94,5
case_014,impact_radius,0.841558,0.923822,0.967932,1.0,1.0,10,False,16,11
case_014,eigenvector,0.841558,0.923822,0.967932,1.0,1.0,10,False,16,11
case_014,hub_score,0.587013,0.764547,0.816799,1.0,0.840548,10,True,16,11
case_014,authority_score,0.587013,0.764547,0.816799,1.0,0.840548,10,True,16,11
case_014,fan_in,0.841558,0.923822,0.967932,1.0,1.0,10,False,16,11
case_014,fan_out,0.587013,0.764547,0.816799,1.0,0.840548,10,True,16,11
case_014,baseline_blend,0.841558,0.923822,0.967932,1.0,,10,False,16,11
case_014,blend_3a,0.744655,0.898388,0.943798,1.0,0.955533,10,False,16,11
case_014,blend_3b,0.744655,0.898388,0.943798,1.0,0.955533,10,False,16,11
case_015,impact_radius,0.27248,0.426316,0.5877,0.677083,1.0,10,False,28,3
case_015,eigenvector,1.0,1.0,1.0,1.0,0.46457,6,True,28,3
case_015,hub_score,0.991889,0.991889,0.991889,0.989583,0.420771,5,True,28,3
case_015,authority_score,1.0,1.0,1.0,1.0,0.46457,6,True,28,3
case_015,fan_in,0.991889,0.991889,0.991889,0.989583,0.527473,6,True,28,3
case_015,fan_out,0.674413,0.736109,0.736109,0.9375,0.310014,4,True,28,3
case_015,baseline_blend,0.27248,0.426316,0.5877,0.677083,,10,False,28,3
case_015,blend_3a,0.890348,0.890348,0.938961,0.895833,0.781432,9,True,28,3
case_015,blend_3b,0.920287,0.920287,0.9689,0.90625,0.78022,9,True,28,3
case_016,impact_radius,0.315648,0.204834,0.689039,0.594017,0.998178,10,False,114,20
case_016,eigenvector,0.66084,0.779908,0.890424,0.891026,0.544339,2,True,114,20
case_016,hub_score,0.056231,0.387558,0.781565,0.884615,0.551443,6,False,114,20
case_016,authority_score,1.0,1.0,0.975885,0.887821,0.557113,2,True,114,20
case_016,fan_in,0.66084,0.779908,0.887055,0.86396,0.568963,2,True,114,20
case_016,fan_out,0.056231,0.387558,0.77592,0.831909,0.576374,6,False,114,20
case_016,baseline_blend,0.315648,0.204834,0.689039,0.594017,,10,False,114,20
case_016,blend_3a,0.16958,0.352938,0.766846,0.774929,0.770985,7,False,114,20
case_016,blend_3b,0.722727,0.756448,0.889594,0.777422,0.769584,5,True,114,20
case_017,impact_radius,0.0,0.0,0.43194,0.7772,0.948444,6,True,165,8
case_017,eigenvector,1.0,1.0,0.952671,0.971618,0.975448,4,False,165,8
case_017,hub_score,0.0,0.294802,0.571826,0.929044,0.953643,6,True,165,8
case_017,authority_score,1.0,1.0,0.956148,0.975402,0.966741,4,False,165,8
case_017,fan_in,1.0,1.0,0.950186,0.96878,0.970929,4,False,165,8
case_017,fan_out,0.0,0.294802,0.571826,0.929044,0.953643,6,True,165,8
case_017,baseline_blend,0.826889,0.680176,0.847452,0.915326,,10,False,165,8
case_017,blend_3a,0.483519,0.421738,0.654952,0.888363,0.974695,9,True,165,8
case_017,blend_3b,0.915933,0.741489,0.89796,0.947493,0.987799,9,False,165,8
case_018,impact_radius,0.0,0.151762,0.613297,0.567407,0.990964,10,False,77,18
case_018,eigenvector,1.0,1.0,0.989053,0.922963,0.547035,2,True,77,18
case_018,hub_score,0.841558,0.546114,0.83789,0.763704,0.748182,7,True,77,18
case_018,authority_score,1.0,1.0,0.989039,0.922222,0.564301,2,True,77,18
case_018,fan_in,1.0,1.0,0.987637,0.913333,0.534709,2,True,77,18
case_018,fan_out,0.0,0.0,0.629123,0.708889,0.742574,7,False,77,18
case_018,baseline_blend,0.0,0.151762,0.614604,0.574074,,10,False,77,18
case_018,blend_3a,0.553146,0.521906,0.80044,0.739259,0.802773,7,True,77,18
case_018,blend_3b,1.0,0.648932,0.87357,0.768148,0.766993,7,True,77,18
case_019,impact_radius,0.33916,0.349967,0.675453,0.694154,0.924845,10,False,155,20
case_019,eigenvector,0.131205,0.361997,0.746045,0.920615,0.69381,2,True,155,20
case_019,hub_score,1.0,0.922465,0.969231,0.955692,0.723083,3,True,155,20
case_019,authority_score,0.131205,0.361997,0.746132,0.921231,0.692743,2,True,155,20
case_019,fan_in,0.131205,0.361997,0.745977,0.920308,0.694826,2,True,155,20
case_019,fan_out,0.66084,0.693187,0.860196,0.948308,0.701859,3,True,155,20
case_019,baseline_blend,0.33916,0.371854,0.729863,0.773538,,10,False,155,20
case_019,blend_3a,1.0,0.791727,0.921472,0.909846,0.884273,6,False,155,20
case_019,blend_3b,0.699215,0.598395,0.844271,0.881538,0.856175,7,False,155,20
case_020,impact_radius,0.0,0.0,0.507949,0.792148,0.999154,10,False,260,8
case_020,eigenvector,0.193806,0.538121,0.679572,0.873051,0.808058,0,True,260,8
case_020,hub_score,0.0,0.0,0.530958,0.772886,0.794438,8,False,260,8
case_020,authority_score,1.0,0.95269,0.935515,0.94845,0.804833,0,True,260,8
case_020,fan_in,0.193806,0.538121,0.669301,0.836727,0.803547,0,True,260,8
case_020,fan_out,0.0,0.0,0.530958,0.772886,0.794438,8,False,260,8
case_020,baseline_blend,0.0,0.0,0.507947,0.792148,,10,False,260,8
case_020,blend_3a,0.0,0.0,0.533584,0.821868,0.930716,8,False,260,8
case_020,blend_3b,0.446854,0.57687,0.709998,0.88736,0.930655,4,False,260,8
case_021,impact_radius,0.49126,0.534177,0.785845,0.859979,0.991955,10,True,173,22
case_021,eigenvector,1.0,1.0,0.978339,0.93735,0.835947,6,True,173,22
case_021,hub_score,0.193806,0.476835,0.817558,0.952414,0.835527,9,True,173,22
case_021,authority_score,1.0,1.0,0.978251,0.936323,0.836249,6,True,173,22
case_021,fan_in,1.0,1.0,0.977874,0.935467,0.836787,6,True,173,22
case_021,fan_out,0.193806,0.476835,0.815089,0.924341,0.83264,8,True,173,22
case_021,baseline_blend,0.616434,0.61804,0.829248,0.864088,,10,False,173,22
case_021,blend_3a,0.446854,0.531327,0.82005,0.914926,0.925617,9,True,173,22
case_021,blend_3b,1.0,0.796761,0.922333,0.909106,0.926329,9,True,173,22
case_022,impact_radius,0.0,0.0,0.29052,0.907609,0.999721,10,False,186,1
case_022,eigenvector,0.0,0.24832,0.315196,0.899457,0.971124,4,False,186,1
case_022,hub_score,0.665315,0.665315,0.665315,0.994565,0.958795,4,True,186,1
case_022,authority_score,0.0,0.24832,0.32009,0.918478,0.963294,3,False,186,1
case_022,fan_in,0.0,0.24832,0.315196,0.899457,0.972116,4,False,186,1
case_022,fan_out,0.0,0.236957,0.303268,0.894022,0.95897,3,True,186,1
case_022,baseline_blend,0.0,0.0,0.29052,0.907609,,10,False,186,1
case_022,blend_3a,0.0,0.28039,0.366738,0.953804,0.98891,8,True,186,1
case_022,blend_3b,0.0,0.236957,0.309602,0.918478,0.989466,5,False,186,1
case_023,impact_radius,0.470365,0.531776,0.809252,0.988406,0.99906,10,False,696,0
case_023,eigenvector,0.868795,0.778706,0.863822,0.996135,0.976101,7,False,696,0
case_023,hub_score,1.0,0.888917,0.876615,1.0,0.949375,4,False,696,0
case_023,authority_score,1.0,0.888917,0.878095,1.0,0.959138,4,False,696,0
case_023,fan_in,1.0,0.874075,0.876759,0.999275,0.973148,5,False,696,0
case_023,fan_out,0.541694,0.696292,0.82591,0.972464,0.947243,4,False,696,0
case_023,baseline_blend,0.470365,0.531776,0.809241,0.988406,,10,False,696,0
case_023,blend_3a,1.0,0.793102,0.876368,0.997826,0.98396,8,False,696,0
case_023,blend_3b,1.0,0.793102,0.87705,0.997826,0.987423,8,False,696,0
case_024,impact_radius,0.0,0.0,0.631691,0.74954,0.941763,7,False,193,10
case_024,eigenvector,0.048689,0.142815,0.733649,0.928637,0.873895,7,False,193,10
case_024,hub_score,0.0,0.351068,0.753684,0.964549,0.901236,5,False,193,10
case_024,authority_score,0.056527,0.103117,0.737907,0.930479,0.832552,4,True,193,10
case_024,fan_in,0.043735,0.051525,0.711354,0.901473,0.846529,7,True,193,10
case_024,fan_out,0.0,0.351068,0.753684,0.964549,0.901236,5,False,193,10
case_024,baseline_blend,0.0,0.024455,0.65384,0.837937,,10,False,193,10
case_024,blend_3a,0.0,0.024455,0.673197,0.88582,0.967492,10,False,193,10
case_024,blend_3b,0.043735,0.051525,0.695386,0.911602,0.927894,9,False,193,10
case_025,impact_radius,0.139356,0.572018,0.60179,0.907834,0.982249,10,False,38,6
case_025,eigenvector,0.582213,0.7008,0.727567,0.967742,0.926036,9,False,38,6
case_025,hub_score,0.867811,0.906732,0.92737,0.995392,0.871685,9,True,38,6
case_025,authority_score,0.582213,0.7008,0.727567,0.967742,0.881657,9,True,38,6
case_025,fan_in,0.582213,0.7008,0.727567,0.967742,0.923077,9,False,38,6
case_025,fan_out,0.867811,0.906732,0.92737,0.995392,0.871685,9,True,38,6
case_025,baseline_blend,0.288082,0.606381,0.635319,0.935484,,10,False,38,6
case_025,blend_3a,0.288082,0.606381,0.634313,0.935484,0.95858,10,False,38,6
case_025,blend_3b,0.582213,0.7008,0.727567,0.967742,0.949704,9,False,38,6
case_026,impact_radius,0.955831,0.955831,0.955831,0.916667,1.0,8,False,8,1
case_026,eigenvector,1.0,1.0,1.0,1.0,0.925926,8,False,8,1
case_026,hub_score,0.932444,0.932444,0.932444,0.833333,0.57735,8,False,8,1
case_026,authority_score,1.0,1.0,1.0,1.0,0.777778,8,False,8,1
case_026,fan_in,1.0,1.0,1.0,1.0,0.925926,8,False,8,1
case_026,fan_out,0.627145,0.627145,0.627145,0.666667,0.777778,8,True,8,1
case_026,baseline_blend,0.955831,0.955831,0.955831,0.916667,,8,False,8,1
case_026,blend_3a,1.0,1.0,1.0,1.0,0.925926,8,False,8,1
case_026,blend_3b,1.0,1.0,1.0,1.0,0.925926,8,False,8,1
case_027,impact_radius,0.553146,0.358954,0.725908,0.814438,0.998461,10,False,268,17
case_027,eigenvector,0.0,0.351068,0.73855,0.905347,0.886264,3,True,268,17
case_027,hub_score,0.925026,0.906548,0.945259,0.932959,0.904953,2,True,268,17
case_027,authority_score,0.164386,0.390545,0.771209,0.933895,0.871885,3,True,268,17
case_027,fan_in,0.0,0.351068,0.741132,0.910261,0.883711,3,True,268,17
case_027,fan_out,0.020867,0.212847,0.710401,0.891658,0.871606,3,True,268,17
case_027,baseline_blend,0.553146,0.358954,0.725908,0.814438,,10,False,268,17
case_027,blend_3a,1.0,0.785481,0.872581,0.88885,0.945343,4,False,268,17
case_027,blend_3b,0.383566,0.313949,0.730435,0.883585,0.933911,4,True,268,17
case_028,impact_radius,0.0,0.078398,0.665893,0.823365,0.996789,10,True,447,23
case_028,eigenvector,0.0,0.0,0.633339,0.809255,0.839239,3,True,447,23
case_028,hub_score,0.622377,0.632615,0.896418,0.933287,0.850529,1,True,447,23
case_028,authority_score,0.0,0.0,0.668438,0.84403,0.822913,3,True,447,23
case_028,fan_in,0.0,0.0,0.679015,0.848708,0.825867,3,True,447,23
case_028,fan_out,0.0,0.0,0.662839,0.841462,0.823829,3,True,447,23
case_028,baseline_blend,0.0,0.078398,0.665893,0.823365,,10,False,447,23
case_028,blend_3a,0.0,0.066254,0.692353,0.865348,0.937282,9,False,447,23
case_028,blend_3b,0.0,0.0,0.653347,0.830765,0.906441,3,True,447,23
case_029,impact_radius,0.635291,0.53463,0.827078,0.59466,0.851233,6,False,111,4
case_029,eigenvector,0.077849,0.241598,0.688627,0.84466,0.847701,6,True,111,4
case_029,hub_score,1.0,0.979068,0.971796,0.998786,0.734704,4,False,111,4
case_029,authority_score,0.42167,0.381977,0.764227,0.843447,0.840567,6,True,111,4
case_029,fan_in,0.077849,0.241598,0.687303,0.837379,0.850182,6,True,111,4
case_029,fan_out,0.42167,0.381977,0.768543,0.904126,0.804337,6,True,111,4
case_029,baseline_blend,0.59406,0.528832,0.834648,0.714806,,10,False,111,4
case_029,blend_3a,0.774799,0.748323,0.891258,0.850728,0.907529,6,False,111,4
case_029,blend_3b,0.59406,0.463873,0.83067,0.739078,0.94969,7,False,111,4
case_030,impact_radius,0.33916,0.317312,0.779124,0.823079,0.993823,9,False,205,23
case_030,eigenvector,1.0,0.915526,0.957551,0.887509,0.578254,3,False,205,23
case_030,hub_score,1.0,0.92397,0.955406,0.852333,0.562814,3,True,205,23
case_030,authority_score,0.780819,0.781737,0.927616,0.891107,0.566246,2,False,205,23
case_030,fan_in,1.0,0.915526,0.949727,0.847109,0.573022,3,False,205,23
case_030,fan_out,0.538562,0.624529,0.859441,0.834804,0.570416,2,True,205,23
case_030,baseline_blend,0.33916,0.383566,0.78396,0.82749,,10,False,205,23
case_030,blend_3a,0.916532,0.843226,0.919142,0.894938,0.860786,5,False,205,23
case_030,blend_3b,0.877722,0.817354,0.905597,0.905967,0.857658,5,False,205,23
